总公司,所属分公司,油站名称,服务区名称
江西高速化石能源有限公司,赣西南,井冈山服务区加油站,井冈山服务区
江西高速化石能源有限公司,赣西南,上固服务区北加油站,上固服务区
江西高速化石能源有限公司,赣东南,临川服务区西加油站,临川服务区
江西高速化石能源有限公司,赣东南,临川服务区东加油站,临川服务区
江西高速化石能源有限公司,赣西南,上固服务区南加油站,上固服务区
江西高速化石能源有限公司,赣西,新余服务区南加油站,新余服务区
江西高速化石能源有限公司,赣东北,万年西服务区东站,万年西服务区
江西高速化石能源有限公司,赣西,新余服务区北加油站,新余服务区
江西高速化石能源有限公司,赣西南,永新服务区南加油站,永新服务区
江西高速化石能源有限公司,赣西南,泰和北服务区加油站,泰和北服务区
江西高速化石能源有限公司,赣东北,万年西服务区西加油站,万年西服务区
江西高速化石能源有限公司,赣东南,临川东服务区南加油站,临川东服务区
江西高速化石能源有限公司,赣东北,德兴东服务区南加油站,德兴东服务区
江西高速化石能源有限公司,赣东南,广昌西服务区南加油站,广昌西服务区
江西高速化石能源有限公司,赣西南,泰和服务区加油站,泰和服务区
江西高速化石能源有限公司,赣东北,德兴东服务区北加油站,德兴东服务区
江西高速化石能源有限公司,赣东南,广昌西服务区北加油站,广昌西服务区
江西高速化石能源有限公司,赣西南,泰和东服务区南加油站,"泰和东服务区
"
江西高速化石能源有限公司,赣西南,泰和东服务区北加油站,"泰和东服务区
"
江西高速化石能源有限公司,赣西,仙女湖服务区东加油站,仙女湖服务区
江西高速化石能源有限公司,赣西,宜春服务区南加油站,宜春服务区
江西高速化石能源有限公司,赣西,仙女湖服务区西加油站,仙女湖服务区
江西高速化石能源有限公司,赣东南,抚州东服务区东加油站,抚州服务区
江西高速化石能源有限公司,赣东南,抚州东服务区西加油站,抚州东服务区
江西高速化石能源有限公司,赣东南,南城服务区东加油站,南城东服务区
江西高速化石能源有限公司,赣西北,高安东服务区南加油站,高安东服务区
江西高速化石能源有限公司,赣西北,高安东服务区北加油站,高安东服务区
江西高速化石能源有限公司,赣东南,南城服务区西加油站,南城西服务区
江西高速化石能源有限公司,赣西北,何市服务区西加油站,何市服务区
江西高速化石能源有限公司,赣西北,宜丰服务区西加油站,宜丰服务区
江西高速化石能源有限公司,赣西北,上高服务区东加油,上高服务区
江西高速化石能源有限公司,赣西北,何市服务区东加油站,何市服务区
江西高速化石能源有限公司,赣东南,广昌服务区加油站,广昌服务区
江西高速化石能源有限公司,赣西北,修水西服务区南加油站,修水西服务区
江西高速化石能源有限公司,赣西北,上高服务区西加油站,上高服务区
江西高速化石能源有限公司,赣西北,修水西服务区北加油站,修水西服务区
江西高速化石能源有限公司,赣东南,临川东服务区南加油站,临川东服务区
江西高速化石能源有限公司,赣东,沪昆龙虎山服务区南加油站,龙虎山服务区
江西高速化石能源有限公司,赣东南,南丰服务区加油站,南丰服务区
江西高速化石能源有限公司,赣东北,万年北服务区南加油站,万年北服务区
江西高速化石能源有限公司,赣东北,万年北服务区北加油站,万年北服务区
江西高速化石能源有限公司,赣西北,上高西服务区北加油站,上高西服务区
江西高速化石能源有限公司,赣西,六市服务区东加油站,六市服务区
江西高速化石能源有限公司,赣东,三清山服务区北加油站,三清山服务区
江西高速化石能源有限公司,赣西北,修水服务区东加油站,修水服务区
江西高速化石能源有限公司,赣西,六市服务区西加油站,六市服务区
江西高速化石能源有限公司,赣南,石城服务区南加油站,石城服务区
江西高速化石能源有限公司,赣西,萍乡服务区南加油站,萍乡服务区
江西高速化石能源有限公司,赣南,宁都东服务区东加油站,宁都东服务区
江西高速化石能源有限公司,赣西北,上高西服务区南加油站,上高西服务区
江西高速化石能源有限公司,赣东,三清山服务区南加油站,三清山服务区
江西高速化石能源有限公司,赣南,宁都东服务区西加油站,宁都东服务区
江西高速化石能源有限公司,赣西,萍乡服务区北加油站,萍乡服务区
江西高速化石能源有限公司,赣南,石城服务区北加油站,石城服务区
江西高速化石能源有限公司,赣西北,宜丰服务区东加油站,宜丰服务区
江西高速化石能源有限公司,赣西北,修水服务区西加油站,修水服务区
江西高速化石能源有限公司,赣东北,浮梁服务南加油站,浮梁服务区
江西高速化石能源有限公司,赣东北,婺源北服务区南加油站,婺源北服务区
江西高速化石能源有限公司,赣东北,万年服务区东加油站,万年服务区
江西高速化石能源有限公司,赣西,宜春服务区北站,宜春服务区
江西高速化石能源有限公司,赣东北,万年服务区西加油站,万年服务区
江西高速化石能源有限公司,赣东北,浮梁服务区北加油站,浮梁服务区
江西高速化石能源有限公司,赣东北,婺源北服务区北加油站,婺源北服务区
江西高速化石能源有限公司,赣东北,景德镇服务区东加油站,景德镇服务区
江西高速化石能源有限公司,赣东北,景德镇服务区西加油站,景德镇服务区
江西高速化石能源有限公司,赣西,上栗东服务区北加油站,上栗东服务区
江西高速化石能源有限公司,赣西,上栗服务东加油站,上栗服务区
江西高速化石能源有限公司,赣西,上栗东服务区南加油站,上栗东服务区
江西高速化石能源有限公司,赣西,上栗服务西加油站,上栗服务区
江西高速化石能源有限公司,赣西南,井冈山东服务区北加油站,井冈山东服务区
江西高速化石能源有限公司,赣西南,井冈山东服务区南加油站,井冈山东服务区
江西高速化石能源有限公司,赣西,万载北服务区东站,万载北服务
江西高速化石能源有限公司,赣东,上饶服务区南加油站,上饶服务区
江西高速化石能源有限公司,赣西,万载服务区南加油站,昌栗万载服务区
江西高速化石能源有限公司,赣西,万载北服务西加油站,万载北服务区
江西高速化石能源有限公司,赣东,上饶服务区北加油站,上饶服务区
江西高速化石能源有限公司,赣南,兴国服务区北加油站,兴国服务区
江西高速化石能源有限公司,赣南,兴国服务区南加油站,兴国服务区
江西高速化石能源有限公司,赣西,万载服务区北加油站,昌栗万载服务区
江西高速化石能源有限公司,赣西北,上高东服务区南加油站,上高东服务区
江西高速化石能源有限公司,赣东北,德兴服务区北加油站,德兴服务区
江西高速化石能源有限公司,赣西北,上高东服务区北加油站,上高东服务区
江西高速化石能源有限公司,赣东北,德兴服务区南加油站,德兴服务区
江西高速化石能源有限公司,赣东北,婺源服务区北加油站,婺源服务区
江西高速化石能源有限公司,赣东北,婺源服务区南加油站,婺源服务区
江西高速化石能源有限公司,赣南,宁都南服务区南加油站,宁都南服务区
江西高速化石能源有限公司,赣南,宁都南服务区北站,宁都南服务区
江西高速化石能源有限公司,赣东,金溪服务区西加油站,金溪服务区
江西高速化石能源有限公司,赣南,于都北服务区东加油站,于都北服务区
江西高速化石能源有限公司,赣南,于都北服务区西加油站,于都北服务区
江西高速化石能源有限公司,赣西南,永新东服务区东加油站,永新东服务区
江西高速化石能源有限公司,赣西南,永新东服务区西加油站,永新东服务区
江西高速化石能源有限公司,赣南,会昌服务区南加油站,会昌服务区
江西高速化石能源有限公司,赣南,会昌服务区北加油站,会昌服务区
江西高速化石能源有限公司,赣南,横市服务区西加油站,横市服务区
江西高速化石能源有限公司,赣中,军山湖服务区南加油站,军山湖服务区
江西高速化石能源有限公司,赣中,进贤服务区西加油站,进贤服务区
江西高速化石能源有限公司,赣中,进贤服务区东加油站,进贤服务区
江西高速化石能源有限公司,赣中,军山湖服务区北加油站,军山湖服务区
江西高速化石能源有限公司,赣中,庐山西海服务区南加油站,庐山西海服务区
江西高速化石能源有限公司,赣中,庐山西海服务区北加油站,庐山西海服务区
江西高速化石能源有限公司,赣中,鄱阳湖服务区南加油站,鄱阳湖服务区
江西高速化石能源有限公司,赣中,丰城东服务区东加油站,丰城东服务区
江西高速化石能源有限公司,赣中,丰城东服务区西加油站,丰城东服务区
江西高速化石能源有限公司,赣中,鄱阳湖服务区北加油站,鄱阳湖服务区
江西高速化石能源有限公司,赣中,鄱阳湖服务区南加油站,鄱阳湖南服务区
江西高速化石能源有限公司,赣南,盘古山服务区东加油站,盘古山服务区
江西高速化石能源有限公司,赣东,弋阳服务区东加油站,弋阳服务区
江西高速化石能源有限公司,赣南,盘古山服务区西加油站,盘古山服务区
江西高速化石能源有限公司,赣东,弋阳服务区西加油站,弋阳服务区
江西高速化石能源有限公司,赣东,东乡服务区南加油站,东乡服务区
江西高速化石能源有限公司,赣东,余江服务区加油站,余江服务区
江西高速化石能源有限公司,赣东南,抚州东服务区东加油站,抚州东服务区
江西高速化石能源有限公司,赣南,宁都西服务区东加油站,宁都西服务区
江西高速化石能源有限公司,赣南,宁都西服务区西加油站,宁都西服务区
江西高速化石能源有限公司,赣东南,抚州服务区南加油站,抚州服务区
江西高速化石能源有限公司,赣东南,抚州服务区北加油站,抚州服务区
江西高速化石能源有限公司,赣南,三百山服务区东加油站,三百山服务区
江西高速化石能源有限公司,赣南,三百山服务区西加油站,三百山服务区
江西高速化石能源有限公司,赣东南,乐安服务区东加油站,乐安服务区
江西高速化石能源有限公司,赣东南,乐安服务区西加油站,乐安服务区
江西高速化石能源有限公司,赣中,丰城南服务区北加油站,丰城南服务区
江西高速化石能源有限公司,赣中,丰城南服务区南加油站,丰城南服务区
江西高速化石能源有限公司,赣中,南昌北服务区南加油站,南昌北服务区
江西高速化石能源有限公司,赣中,南昌北服务区北加油站,南昌北服务区
江西高速化石能源有限公司,赣南,于都服务区南加油站,于都服务区
江西高速化石能源有限公司,赣南,于都服务区北加油站,于都服务区
